{
    "name": "root",
    "gauges": {
        "RollerBall.Policy.Entropy.mean": {
            "value": 1.002468466758728,
            "min": 1.002468466758728,
            "max": 1.3962987661361694,
            "count": 25
        },
        "RollerBall.Policy.Entropy.sum": {
            "value": 10015.662109375,
            "min": 1882.210693359375,
            "max": 13732.765625,
            "count": 25
        },
        "RollerBall.Environment.EpisodeLength.mean": {
            "value": 6.76905132192846,
            "min": 6.079320113314448,
            "max": 24.433962264150942,
            "count": 25
        },
        "RollerBall.Environment.EpisodeLength.sum": {
            "value": 8705.0,
            "min": 1295.0,
            "max": 9434.0,
            "count": 25
        },
        "RollerBall.Step.mean": {
            "value": 269990.0,
            "min": 29995.0,
            "max": 269990.0,
            "count": 25
        },
        "RollerBall.Step.sum": {
            "value": 269990.0,
            "min": 29995.0,
            "max": 269990.0,
            "count": 25
        },
        "RollerBall.Policy.ExtrinsicValueEstimate.mean": {
            "value": 0.9658595323562622,
            "min": 0.08382219076156616,
            "max": 0.9691307544708252,
            "count": 25
        },
        "RollerBall.Policy.ExtrinsicValueEstimate.sum": {
            "value": 1242.0953369140625,
            "min": 4.526398181915283,
            "max": 1368.41259765625,
            "count": 25
        },
        "RollerBall.Environment.CumulativeReward.mean": {
            "value": 0.9992223950233281,
            "min": 0.25,
            "max": 1.0,
            "count": 25
        },
        "RollerBall.Environment.CumulativeReward.sum": {
            "value": 1285.0,
            "min": 13.0,
            "max": 1412.0,
            "count": 25
        },
        "RollerBall.Policy.ExtrinsicReward.mean": {
            "value": 0.9992223950233281,
            "min": 0.25,
            "max": 1.0,
            "count": 25
        },
        "RollerBall.Policy.ExtrinsicReward.sum": {
            "value": 1285.0,
            "min": 13.0,
            "max": 1412.0,
            "count": 25
        },
        "RollerBall.Losses.PolicyLoss.mean": {
            "value": 0.23893645668826402,
            "min": 0.23277908752168183,
            "max": 0.24703499147331914,
            "count": 25
        },
        "RollerBall.Losses.PolicyLoss.sum": {
            "value": 22.69896338538508,
            "min": 2.8375135163741296,
            "max": 23.361458520245797,
            "count": 25
        },
        "RollerBall.Losses.ValueLoss.mean": {
            "value": 0.00032048735444695675,
            "min": 5.661027367427659e-05,
            "max": 0.16768500694022667,
            "count": 25
        },
        "RollerBall.Losses.ValueLoss.sum": {
            "value": 0.030446298672460893,
            "min": 0.005377975999056276,
            "max": 7.096968537433715,
            "count": 25
        },
        "RollerBall.Policy.LearningRate.mean": {
            "value": 0.00014101244457481683,
            "min": 0.00014101244457481683,
            "max": 0.0002823606558797833,
            "count": 25
        },
        "RollerBall.Policy.LearningRate.sum": {
            "value": 0.0133961822346076,
            "min": 0.0033883278705573996,
            "max": 0.0256668378443876,
            "count": 25
        },
        "RollerBall.Policy.Epsilon.mean": {
            "value": 0.1470041305263158,
            "min": 0.1470041305263158,
            "max": 0.19412021666666665,
            "count": 25
        },
        "RollerBall.Policy.Epsilon.sum": {
            "value": 13.9653924,
            "min": 2.3294425999999997,
            "max": 17.7556124,
            "count": 25
        },
        "RollerBall.Policy.Beta.mean": {
            "value": 0.0005000000000000001,
            "min": 0.0005000000000000001,
            "max": 0.0005000000000000001,
            "count": 25
        },
        "RollerBall.Policy.Beta.sum": {
            "value": 0.047500000000000014,
            "min": 0.006000000000000002,
            "max": 0.048000000000000015,
            "count": 25
        },
        "RollerBall.IsTraining.mean": {
            "value": 1.0,
            "min": 1.0,
            "max": 1.0,
            "count": 25
        },
        "RollerBall.IsTraining.sum": {
            "value": 1.0,
            "min": 1.0,
            "max": 1.0,
            "count": 25
        }
    },
    "metadata": {
        "timer_format_version": "0.1.0",
        "start_time_seconds": "1734283721",
        "python_version": "3.10.12 | packaged by Anaconda, Inc. | (main, Jul  5 2023, 19:01:18) [MSC v.1916 64 bit (AMD64)]",
        "command_line_arguments": "C:\\Users\\Samuel\\miniconda3\\envs\\MLtest\\Scripts\\mlagents-learn config/roller_config.yaml --run-id=RollerBall --resume",
        "mlagents_version": "1.1.0",
        "mlagents_envs_version": "1.1.0",
        "communication_protocol_version": "1.5.0",
        "pytorch_version": "2.5.1+cpu",
        "numpy_version": "1.23.5",
        "end_time_seconds": "1734286007"
    },
    "total": 2286.280231700017,
    "count": 1,
    "self": 0.004558200016617775,
    "children": {
        "run_training.setup": {
            "total": 0.0760119000042323,
            "count": 1,
            "self": 0.0760119000042323
        },
        "TrainerController.start_learning": {
            "total": 2286.199661599996,
            "count": 1,
            "self": 4.551236593222711,
            "children": {
                "TrainerController._reset_env": {
                    "total": 10.427029199985554,
                    "count": 1,
                    "self": 10.427029199985554
                },
                "TrainerController.advance": {
                    "total": 2271.1423179067788,
                    "count": 271769,
                    "self": 3.8542325022572186,
                    "children": {
                        "env_step": {
                            "total": 2019.995395502483,
                            "count": 271769,
                            "self": 1778.283771510818,
                            "children": {
                                "SubprocessEnvManager._take_step": {
                                    "total": 238.81858299404848,
                                    "count": 271770,
                                    "self": 10.333386184443953,
                                    "children": {
                                        "TorchPolicy.evaluate": {
                                            "total": 228.48519680960453,
                                            "count": 246424,
                                            "self": 228.48519680960453
                                        }
                                    }
                                },
                                "workers": {
                                    "total": 2.893040997616481,
                                    "count": 271768,
                                    "self": 0.0,
                                    "children": {
                                        "worker_root": {
                                            "total": 2173.14479959695,
                                            "count": 271768,
                                            "is_parallel": true,
                                            "self": 681.2813151046576,
                                            "children": {
                                                "steps_from_proto": {
                                                    "total": 0.0005304000223986804,
                                                    "count": 2,
                                                    "is_parallel": true,
                                                    "self": 0.0002844000409822911,