{
    "name": "root",
    "gauges": {
        "RollerBall.Policy.Entropy.mean": {
            "value": 1.4138144254684448,
            "min": 1.4138144254684448,
            "max": 1.4138144254684448,
            "count": 1
        },
        "RollerBall.Policy.Entropy.sum": {
            "value": 14275.2841796875,
            "min": 14275.2841796875,
            "max": 14275.2841796875,
            "count": 1
        },
        "RollerBall.Step.mean": {
            "value": 9971.0,
            "min": 9971.0,
            "max": 9971.0,
            "count": 1
        },
        "RollerBall.Step.sum": {
            "value": 9971.0,
            "min": 9971.0,
            "max": 9971.0,
            "count": 1
        },
        "RollerBall.Policy.ExtrinsicValueEstimate.mean": {
            "value": 0.3491086959838867,
            "min": 0.3491086959838867,
            "max": 0.3491086959838867,
            "count": 1
        },
        "RollerBall.Policy.ExtrinsicValueEstimate.sum": {
            "value": 97.05221557617188,
            "min": 97.05221557617188,
            "max": 97.05221557617188,
            "count": 1
        },
        "RollerBall.Environment.EpisodeLength.mean": {
            "value": 50.13333333333333,
            "min": 50.13333333333333,
            "max": 50.13333333333333,
            "count": 1
        },
        "RollerBall.Environment.EpisodeLength.sum": {
            "value": 9776.0,
            "min": 9776.0,
            "max": 9776.0,
            "count": 1
        },
        "RollerBall.Environment.CumulativeReward.mean": {
            "value": 0.5282051282051282,
            "min": 0.5282051282051282,
            "max": 0.5282051282051282,
            "count": 1
        },
        "RollerBall.Environment.CumulativeReward.sum": {
            "value": 103.0,
            "min": 103.0,
            "max": 103.0,
            "count": 1
        },
        "RollerBall.Policy.ExtrinsicReward.mean": {
            "value": 0.5282051282051282,
            "min": 0.5282051282051282,
            "max": 0.5282051282051282,
            "count": 1
        },
        "RollerBall.Policy.ExtrinsicReward.sum": {
            "value": 103.0,
            "min": 103.0,
            "max": 103.0,
            "count": 1
        },
        "RollerBall.Losses.PolicyLoss.mean": {
            "value": 0.24505186028602882,
            "min": 0.24505186028602882,
            "max": 0.24505186028602882,
            "count": 1
        },
        "RollerBall.Losses.PolicyLoss.sum": {
            "value": 19.604148822882305,
            "min": 19.604148822882305,
            "max": 19.604148822882305,
            "count": 1
        },
        "RollerBall.Losses.ValueLoss.mean": {
            "value": 0.05600561424519285,
            "min": 0.05600561424519285,
            "max": 0.05600561424519285,
            "count": 1
        },
        "RollerBall.Losses.ValueLoss.sum": {
            "value": 4.480449139615428,
            "min": 4.480449139615428,
            "max": 4.480449139615428,
            "count": 1
        },
        "RollerBall.Policy.LearningRate.mean": {
            "value": 0.00029706673597775494,
            "min": 0.00029706673597775494,
            "max": 0.00029706673597775494,
            "count": 1
        },
        "RollerBall.Policy.LearningRate.sum": {
            "value": 0.023765338878220396,
            "min": 0.023765338878220396,
            "max": 0.023765338878220396,
            "count": 1
        },
        "RollerBall.Policy.Epsilon.mean": {
            "value": 0.19902224500000001,
            "min": 0.19902224500000001,
            "max": 0.19902224500000001,
            "count": 1
        },
        "RollerBall.Policy.Epsilon.sum": {
            "value": 15.9217796,
            "min": 15.9217796,
            "max": 15.9217796,
            "count": 1
        },
        "RollerBall.Policy.Beta.mean": {
            "value": 0.0005000000000000001,
            "min": 0.0005000000000000001,
            "max": 0.0005000000000000001,
            "count": 1
        },
        "RollerBall.Policy.Beta.sum": {
            "value": 0.04000000000000001,
            "min": 0.04000000000000001,
            "max": 0.04000000000000001,
            "count": 1
        },
        "RollerBall.IsTraining.mean": {
            "value": 1.0,
            "min": 1.0,
            "max": 1.0,
            "count": 1
        },
        "RollerBall.IsTraining.sum": {
            "value": 1.0,
            "min": 1.0,
            "max": 1.0,
            "count": 1
        }
    },
    "metadata": {
        "timer_format_version": "0.1.0",
        "start_time_seconds": "1734261447",
        "python_version": "3.10.12 | packaged by Anaconda, Inc. | (main, Jul  5 2023, 19:01:18) [MSC v.1916 64 bit (AMD64)]",
        "command_line_arguments": "C:\\Users\\Samuel\\miniconda3\\envs\\MLtest\\Scripts\\mlagents-learn config/roller_config.yaml --run-id=RollerBall --resume",
        "mlagents_version": "1.1.0",
        "mlagents_envs_version": "1.1.0",
        "communication_protocol_version": "1.5.0",
        "pytorch_version": "2.5.1+cpu",
        "numpy_version": "1.23.5",
        "end_time_seconds": "1734261607"
    },
    "total": 160.38151509998715,
    "count": 1,
    "self": 0.0047768999938853085,
    "children": {
        "run_training.setup": {
            "total": 0.07455570000456646,
            "count": 1,
            "self": 0.07455570000456646
        },
        "TrainerController.start_learning": {
            "total": 160.3021824999887,
            "count": 1,
            "self": 0.17208549939095974,
            "children": {
                "TrainerController._reset_env": {
                    "total": 9.005010099994252,
                    "count": 1,
                    "self": 9.005010099994252
                },
                "TrainerController.advance": {
                    "total": 151.04554720059969,
                    "count": 11181,
                    "self": 0.15888290235307068,
                    "children": {
                        "env_step": {
                            "total": 141.37193449880579,
                            "count": 11181,
                            "self": 131.00257770120515,
                            "children": {
                                "SubprocessEnvManager._take_step": {
                                    "total": 10.255428098869743,
                                    "count": 11182,
                                    "self": 0.4265621990780346,
                                    "children": {
                                        "TorchPolicy.evaluate": {
                                            "total": 9.828865899791708,
                                            "count": 11000,
                                            "self": 9.828865899791708
                                        }
                                    }
                                },
                                "workers": {
                                    "total": 0.11392869873088785,
                                    "count": 11180,
                                    "self": 0.0,
                                    "children": {
                                        "worker_root": {
                                            "total": 73.45710649807006,
                                            "count": 11180,
                                            "is_parallel": true,
                                            "self": 28.509585597435944,
                                            "children": {
                                                "steps_from_proto": {
                                                    "total": 0.0005845000268891454,
                                                    "count": 2,
                                                    "is_parallel": true,
                                                    "self": 0.0003216000332031399,